<?xml version="1.0" encoding="UTF-8"?>
<root>
  <item name="org.assertj.android.api.bluetooth.BluetoothDeviceAssert java.lang.String bondStateToString(int) 0">
    <annotation name="android.support.annotation.IntDef">
      <val name="value" val="{android.bluetooth.BluetoothDevice.BOND_NONE, android.bluetooth.BluetoothDevice.BOND_BONDING, android.bluetooth.BluetoothDevice.BOND_BONDED}" />
    </annotation>
  </item>
  <item name="org.assertj.android.api.bluetooth.BluetoothDeviceAssert java.lang.String typeToString(int) 0">
    <annotation name="android.support.annotation.IntDef">
      <val name="value" val="{android.bluetooth.BluetoothDevice.DEVICE_TYPE_CLASSIC, android.bluetooth.BluetoothDevice.DEVICE_TYPE_DUAL, android.bluetooth.BluetoothDevice.DEVICE_TYPE_LE, android.bluetooth.BluetoothDevice.DEVICE_TYPE_UNKNOWN}" />
    </annotation>
  </item>
  <item name="org.assertj.android.api.bluetooth.BluetoothDeviceAssert org.assertj.android.api.bluetooth.BluetoothDeviceAssert hasBondState(int) 0">
    <annotation name="android.support.annotation.IntDef">
      <val name="value" val="{android.bluetooth.BluetoothDevice.BOND_NONE, android.bluetooth.BluetoothDevice.BOND_BONDING, android.bluetooth.BluetoothDevice.BOND_BONDED}" />
    </annotation>
  </item>
  <item name="org.assertj.android.api.bluetooth.BluetoothDeviceAssert org.assertj.android.api.bluetooth.BluetoothDeviceAssert hasType(int) 0">
    <annotation name="android.support.annotation.IntDef">
      <val name="value" val="{android.bluetooth.BluetoothDevice.DEVICE_TYPE_CLASSIC, android.bluetooth.BluetoothDevice.DEVICE_TYPE_DUAL, android.bluetooth.BluetoothDevice.DEVICE_TYPE_LE, android.bluetooth.BluetoothDevice.DEVICE_TYPE_UNKNOWN}" />
    </annotation>
  </item>
  <item name="org.assertj.android.api.bluetooth.BluetoothGattCharacteristicAssert java.lang.String permissionsToString(int) 0">
    <annotation name="android.support.annotation.IntDef">
      <val name="value" val="{android.bluetooth.BluetoothGattCharacteristic.PERMISSION_READ, android.bluetooth.BluetoothGattCharacteristic.PERMISSION_READ_ENCRYPTED, android.bluetooth.BluetoothGattCharacteristic.PERMISSION_READ_ENCRYPTED_MITM, android.bluetooth.BluetoothGattCharacteristic.PERMISSION_WRITE, android.bluetooth.BluetoothGattCharacteristic.PERMISSION_WRITE_ENCRYPTED, android.bluetooth.BluetoothGattCharacteristic.PERMISSION_READ_ENCRYPTED_MITM, android.bluetooth.BluetoothGattCharacteristic.PERMISSION_WRITE_SIGNED, android.bluetooth.BluetoothGattCharacteristic.PERMISSION_WRITE_SIGNED_MITM}" />
      <val name="flag" val="true" />
    </annotation>
  </item>
  <item name="org.assertj.android.api.bluetooth.BluetoothGattCharacteristicAssert java.lang.String propertiesToString(int) 0">
    <annotation name="android.support.annotation.IntDef">
      <val name="value" val="{android.bluetooth.BluetoothGattCharacteristic.PROPERTY_BROADCAST, android.bluetooth.BluetoothGattCharacteristic.PROPERTY_EXTENDED_PROPS, android.bluetooth.BluetoothGattCharacteristic.PROPERTY_INDICATE, android.bluetooth.BluetoothGattCharacteristic.PROPERTY_NOTIFY, android.bluetooth.BluetoothGattCharacteristic.PROPERTY_READ, android.bluetooth.BluetoothGattCharacteristic.PROPERTY_SIGNED_WRITE, android.bluetooth.BluetoothGattCharacteristic.PROPERTY_WRITE, android.bluetooth.BluetoothGattCharacteristic.PROPERTY_WRITE_NO_RESPONSE}" />
      <val name="flag" val="true" />
    </annotation>
  </item>
  <item name="org.assertj.android.api.bluetooth.BluetoothGattCharacteristicAssert java.lang.String writeTypeToString(int) 0">
    <annotation name="android.support.annotation.IntDef">
      <val name="value" val="{android.bluetooth.BluetoothGattCharacteristic.WRITE_TYPE_DEFAULT, android.bluetooth.BluetoothGattCharacteristic.WRITE_TYPE_NO_RESPONSE, android.bluetooth.BluetoothGattCharacteristic.WRITE_TYPE_SIGNED}" />
    </annotation>
  </item>
  <item name="org.assertj.android.api.bluetooth.BluetoothGattCharacteristicAssert org.assertj.android.api.bluetooth.BluetoothGattCharacteristicAssert hasPermissions(int) 0">
    <annotation name="android.support.annotation.IntDef">
      <val name="value" val="{android.bluetooth.BluetoothGattCharacteristic.PERMISSION_READ, android.bluetooth.BluetoothGattCharacteristic.PERMISSION_READ_ENCRYPTED, android.bluetooth.BluetoothGattCharacteristic.PERMISSION_READ_ENCRYPTED_MITM, android.bluetooth.BluetoothGattCharacteristic.PERMISSION_WRITE, android.bluetooth.BluetoothGattCharacteristic.PERMISSION_WRITE_ENCRYPTED, android.bluetooth.BluetoothGattCharacteristic.PERMISSION_READ_ENCRYPTED_MITM, android.bluetooth.BluetoothGattCharacteristic.PERMISSION_WRITE_SIGNED, android.bluetooth.BluetoothGattCharacteristic.PERMISSION_WRITE_SIGNED_MITM}" />
      <val name="flag" val="true" />
    </annotation>
  </item>
  <item name="org.assertj.android.api.bluetooth.BluetoothGattCharacteristicAssert org.assertj.android.api.bluetooth.BluetoothGattCharacteristicAssert hasProperties(int) 0">
    <annotation name="android.support.annotation.IntDef">
      <val name="value" val="{android.bluetooth.BluetoothGattCharacteristic.PROPERTY_BROADCAST, android.bluetooth.BluetoothGattCharacteristic.PROPERTY_EXTENDED_PROPS, android.bluetooth.BluetoothGattCharacteristic.PROPERTY_INDICATE, android.bluetooth.BluetoothGattCharacteristic.PROPERTY_NOTIFY, android.bluetooth.BluetoothGattCharacteristic.PROPERTY_READ, android.bluetooth.BluetoothGattCharacteristic.PROPERTY_SIGNED_WRITE, android.bluetooth.BluetoothGattCharacteristic.PROPERTY_WRITE, android.bluetooth.BluetoothGattCharacteristic.PROPERTY_WRITE_NO_RESPONSE}" />
      <val name="flag" val="true" />
    </annotation>
  </item>
  <item name="org.assertj.android.api.bluetooth.BluetoothGattCharacteristicAssert org.assertj.android.api.bluetooth.BluetoothGattCharacteristicAssert hasWriteType(int) 0">
    <annotation name="android.support.annotation.IntDef">
      <val name="value" val="{android.bluetooth.BluetoothGattCharacteristic.WRITE_TYPE_DEFAULT, android.bluetooth.BluetoothGattCharacteristic.WRITE_TYPE_NO_RESPONSE, android.bluetooth.BluetoothGattCharacteristic.WRITE_TYPE_SIGNED}" />
    </annotation>
  </item>
  <item name="org.assertj.android.api.bluetooth.BluetoothGattDescriptorAssert java.lang.String permissionsToString(int) 0">
    <annotation name="android.support.annotation.IntDef">
      <val name="value" val="{android.bluetooth.BluetoothGattDescriptor.PERMISSION_READ, android.bluetooth.BluetoothGattDescriptor.PERMISSION_READ_ENCRYPTED, android.bluetooth.BluetoothGattDescriptor.PERMISSION_READ_ENCRYPTED_MITM, android.bluetooth.BluetoothGattDescriptor.PERMISSION_WRITE, android.bluetooth.BluetoothGattDescriptor.PERMISSION_WRITE_ENCRYPTED, android.bluetooth.BluetoothGattDescriptor.PERMISSION_WRITE_ENCRYPTED_MITM, android.bluetooth.BluetoothGattDescriptor.PERMISSION_WRITE_SIGNED, android.bluetooth.BluetoothGattDescriptor.PERMISSION_WRITE_SIGNED_MITM}" />
      <val name="flag" val="true" />
    </annotation>
  </item>
  <item name="org.assertj.android.api.bluetooth.BluetoothGattDescriptorAssert org.assertj.android.api.bluetooth.BluetoothGattDescriptorAssert hasPermissions(int) 0">
    <annotation name="android.support.annotation.IntDef">
      <val name="value" val="{android.bluetooth.BluetoothGattDescriptor.PERMISSION_READ, android.bluetooth.BluetoothGattDescriptor.PERMISSION_READ_ENCRYPTED, android.bluetooth.BluetoothGattDescriptor.PERMISSION_READ_ENCRYPTED_MITM, android.bluetooth.BluetoothGattDescriptor.PERMISSION_WRITE, android.bluetooth.BluetoothGattDescriptor.PERMISSION_WRITE_ENCRYPTED, android.bluetooth.BluetoothGattDescriptor.PERMISSION_WRITE_ENCRYPTED_MITM, android.bluetooth.BluetoothGattDescriptor.PERMISSION_WRITE_SIGNED, android.bluetooth.BluetoothGattDescriptor.PERMISSION_WRITE_SIGNED_MITM}" />
      <val name="flag" val="true" />
    </annotation>
  </item>
  <item name="org.assertj.android.api.bluetooth.BluetoothGattServiceAssert java.lang.String typeToString(int) 0">
    <annotation name="android.support.annotation.IntDef">
      <val name="value" val="{android.bluetooth.BluetoothGattService.SERVICE_TYPE_PRIMARY, android.bluetooth.BluetoothGattService.SERVICE_TYPE_SECONDARY}" />
    </annotation>
  </item>
  <item name="org.assertj.android.api.bluetooth.BluetoothGattServiceAssert org.assertj.android.api.bluetooth.BluetoothGattServiceAssert hasType(int) 0">
    <annotation name="android.support.annotation.IntDef">
      <val name="value" val="{android.bluetooth.BluetoothGattService.SERVICE_TYPE_PRIMARY, android.bluetooth.BluetoothGattService.SERVICE_TYPE_SECONDARY}" />
    </annotation>
  </item>
</root>

