<?xml version="1.0" encoding="UTF-8"?>
<root>
  <item name="org.assertj.android.api.animation.AbstractValueAnimatorAssert&lt;S,A&gt; S hasRepeatMode(int) 0">
    <annotation name="android.support.annotation.IntDef">
      <val name="value" val="{android.animation.ValueAnimator.RESTART, android.animation.ValueAnimator.REVERSE}" />
    </annotation>
  </item>
  <item name="org.assertj.android.api.animation.AbstractValueAnimatorAssert&lt;S,A&gt; java.lang.String repeatModeToString(int) 0">
    <annotation name="android.support.annotation.IntDef">
      <val name="value" val="{android.animation.ValueAnimator.RESTART, android.animation.ValueAnimator.REVERSE}" />
    </annotation>
  </item>
</root>

