<?xml version="1.0" encoding="UTF-8"?>
<root>
  <item name="org.assertj.android.api.gesture.GestureOverlayViewAssert java.lang.String gestureStrokeTypeToString(int) 0">
    <annotation name="android.support.annotation.IntDef">
      <val name="value" val="{android.gesture.GestureOverlayView.GESTURE_STROKE_TYPE_SINGLE, android.gesture.GestureOverlayView.GESTURE_STROKE_TYPE_MULTIPLE}" />
    </annotation>
  </item>
  <item name="org.assertj.android.api.gesture.GestureOverlayViewAssert java.lang.String orientationToString(int) 0">
    <annotation name="android.support.annotation.IntDef">
      <val name="value" val="{android.gesture.GestureOverlayView.ORIENTATION_HORIZONTAL, android.gesture.GestureOverlayView.ORIENTATION_VERTICAL}" />
    </annotation>
  </item>
  <item name="org.assertj.android.api.gesture.GestureOverlayViewAssert org.assertj.android.api.gesture.GestureOverlayViewAssert hasGestureStokeType(int) 0">
    <annotation name="android.support.annotation.IntDef">
      <val name="value" val="{android.gesture.GestureOverlayView.GESTURE_STROKE_TYPE_SINGLE, android.gesture.GestureOverlayView.GESTURE_STROKE_TYPE_MULTIPLE}" />
    </annotation>
  </item>
  <item name="org.assertj.android.api.gesture.GestureOverlayViewAssert org.assertj.android.api.gesture.GestureOverlayViewAssert hasOrientation(int) 0">
    <annotation name="android.support.annotation.IntDef">
      <val name="value" val="{android.gesture.GestureOverlayView.ORIENTATION_HORIZONTAL, android.gesture.GestureOverlayView.ORIENTATION_VERTICAL}" />
    </annotation>
  </item>
</root>

