<?xml version="1.0" encoding="UTF-8"?>
<root>
  <item name="org.assertj.android.api.location.CriteriaAssert java.lang.String accuracyRequirementToString(int) 0">
    <annotation name="android.support.annotation.IntDef">
      <val name="value" val="{android.location.Criteria.ACCURACY_COARSE, android.location.Criteria.ACCURACY_FINE}" />
    </annotation>
  </item>
  <item name="org.assertj.android.api.location.CriteriaAssert java.lang.String accuracyToString(int) 0">
    <annotation name="android.support.annotation.IntDef">
      <val name="value" val="{android.location.Criteria.ACCURACY_LOW, android.location.Criteria.ACCURACY_MEDIUM, android.location.Criteria.ACCURACY_HIGH}" />
    </annotation>
  </item>
  <item name="org.assertj.android.api.location.CriteriaAssert java.lang.String powerRequirementToString(int) 0">
    <annotation name="android.support.annotation.IntDef">
      <val name="value" val="{android.location.Criteria.NO_REQUIREMENT, android.location.Criteria.POWER_LOW, android.location.Criteria.POWER_MEDIUM, android.location.Criteria.POWER_HIGH}" />
    </annotation>
  </item>
</root>

