<?xml version="1.0" encoding="UTF-8"?>
<root>
  <item name="org.assertj.android.api.widget.AbstractLinearLayoutAssert&lt;S,A&gt; S hasOrientation(int) 0">
    <annotation name="android.support.annotation.IntDef">
      <val name="value" val="{android.widget.LinearLayout.HORIZONTAL, android.widget.LinearLayout.VERTICAL}" />
    </annotation>
  </item>
  <item name="org.assertj.android.api.widget.AbstractLinearLayoutAssert&lt;S,A&gt; S hasShowDividers(int) 0">
    <annotation name="android.support.annotation.IntDef">
      <val name="value" val="{android.widget.LinearLayout.SHOW_DIVIDER_BEGINNING, android.widget.LinearLayout.SHOW_DIVIDER_MIDDLE, android.widget.LinearLayout.SHOW_DIVIDER_END}" />
      <val name="flag" val="true" />
    </annotation>
  </item>
  <item name="org.assertj.android.api.widget.AbstractLinearLayoutAssert&lt;S,A&gt; java.lang.String orientationToString(int) 0">
    <annotation name="android.support.annotation.IntDef">
      <val name="value" val="{android.widget.LinearLayout.HORIZONTAL, android.widget.LinearLayout.VERTICAL}" />
    </annotation>
  </item>
  <item name="org.assertj.android.api.widget.AbstractLinearLayoutAssert&lt;S,A&gt; java.lang.String showDividerToString(int) 0">
    <annotation name="android.support.annotation.IntDef">
      <val name="value" val="{android.widget.LinearLayout.SHOW_DIVIDER_BEGINNING, android.widget.LinearLayout.SHOW_DIVIDER_MIDDLE, android.widget.LinearLayout.SHOW_DIVIDER_END}" />
      <val name="flag" val="true" />
    </annotation>
  </item>
  <item name="org.assertj.android.api.widget.GridLayoutAssert java.lang.String alignmentModeToString(int) 0">
    <annotation name="android.support.annotation.IntDef">
      <val name="value" val="{android.widget.GridLayout.ALIGN_BOUNDS, android.widget.GridLayout.ALIGN_MARGINS}" />
    </annotation>
  </item>
  <item name="org.assertj.android.api.widget.GridLayoutAssert java.lang.String orientationToString(int) 0">
    <annotation name="android.support.annotation.IntDef">
      <val name="value" val="{android.widget.GridLayout.HORIZONTAL, android.widget.GridLayout.VERTICAL}" />
    </annotation>
  </item>
  <item name="org.assertj.android.api.widget.GridLayoutAssert org.assertj.android.api.widget.GridLayoutAssert hasAlignmentMode(int) 0">
    <annotation name="android.support.annotation.IntDef">
      <val name="value" val="{android.widget.GridLayout.ALIGN_BOUNDS, android.widget.GridLayout.ALIGN_MARGINS}" />
    </annotation>
  </item>
  <item name="org.assertj.android.api.widget.GridLayoutAssert org.assertj.android.api.widget.GridLayoutAssert hasOrientation(int) 0">
    <annotation name="android.support.annotation.IntDef">
      <val name="value" val="{android.widget.GridLayout.HORIZONTAL, android.widget.GridLayout.VERTICAL}" />
    </annotation>
  </item>
  <item name="org.assertj.android.api.widget.GridViewAssert java.lang.String stretchModeToString(int) 0">
    <annotation name="android.support.annotation.IntDef">
      <val name="value" val="{android.widget.GridView.NO_STRETCH, android.widget.GridView.STRETCH_SPACING, android.widget.GridView.STRETCH_SPACING_UNIFORM, android.widget.GridView.STRETCH_COLUMN_WIDTH}" />
    </annotation>
  </item>
  <item name="org.assertj.android.api.widget.GridViewAssert org.assertj.android.api.widget.GridViewAssert hasStretchMode(int) 0">
    <annotation name="android.support.annotation.IntDef">
      <val name="value" val="{android.widget.GridView.NO_STRETCH, android.widget.GridView.STRETCH_SPACING, android.widget.GridView.STRETCH_SPACING_UNIFORM, android.widget.GridView.STRETCH_COLUMN_WIDTH}" />
    </annotation>
  </item>
  <item name="org.assertj.android.api.widget.ListPopupWindowAssert java.lang.String inputMethodModeToString(int) 0">
    <annotation name="android.support.annotation.IntDef">
      <val name="value" val="{android.widget.ListPopupWindow.INPUT_METHOD_FROM_FOCUSABLE, android.widget.ListPopupWindow.INPUT_METHOD_NEEDED, android.widget.ListPopupWindow.INPUT_METHOD_NOT_NEEDED}" />
    </annotation>
  </item>
  <item name="org.assertj.android.api.widget.ListPopupWindowAssert org.assertj.android.api.widget.ListPopupWindowAssert hasInputMethodMode(int) 0">
    <annotation name="android.support.annotation.IntDef">
      <val name="value" val="{android.widget.ListPopupWindow.INPUT_METHOD_FROM_FOCUSABLE, android.widget.ListPopupWindow.INPUT_METHOD_NEEDED, android.widget.ListPopupWindow.INPUT_METHOD_NOT_NEEDED}" />
    </annotation>
  </item>
  <item name="org.assertj.android.api.widget.PopupWindowAssert java.lang.String inputMethodModeToString(int) 0">
    <annotation name="android.support.annotation.IntDef">
      <val name="value" val="{android.widget.PopupWindow.INPUT_METHOD_FROM_FOCUSABLE, android.widget.PopupWindow.INPUT_METHOD_NEEDED, android.widget.PopupWindow.INPUT_METHOD_NOT_NEEDED}" />
    </annotation>
  </item>
  <item name="org.assertj.android.api.widget.PopupWindowAssert org.assertj.android.api.widget.PopupWindowAssert hasInputMethodMode(int) 0">
    <annotation name="android.support.annotation.IntDef">
      <val name="value" val="{android.widget.PopupWindow.INPUT_METHOD_FROM_FOCUSABLE, android.widget.PopupWindow.INPUT_METHOD_NEEDED, android.widget.PopupWindow.INPUT_METHOD_NOT_NEEDED}" />
    </annotation>
  </item>
</root>

