<?xml version="1.0" encoding="UTF-8"?>
<root>
  <item name="org.assertj.android.api.graphics.AbstractPaintAssert&lt;S,A&gt; S hasFlags(int) 0">
    <annotation name="android.support.annotation.IntDef">
      <val name="value" val="{android.graphics.Paint.ANTI_ALIAS_FLAG, android.graphics.Paint.DEV_KERN_TEXT_FLAG, android.graphics.Paint.DITHER_FLAG, android.graphics.Paint.FAKE_BOLD_TEXT_FLAG, android.graphics.Paint.FILTER_BITMAP_FLAG, android.graphics.Paint.LINEAR_TEXT_FLAG, android.graphics.Paint.STRIKE_THRU_TEXT_FLAG, android.graphics.Paint.SUBPIXEL_TEXT_FLAG, android.graphics.Paint.UNDERLINE_TEXT_FLAG}" />
      <val name="flag" val="true" />
    </annotation>
  </item>
  <item name="org.assertj.android.api.graphics.AbstractPaintAssert&lt;S,A&gt; java.lang.String flagsToString(int) 0">
    <annotation name="android.support.annotation.IntDef">
      <val name="value" val="{android.graphics.Paint.ANTI_ALIAS_FLAG, android.graphics.Paint.DEV_KERN_TEXT_FLAG, android.graphics.Paint.DITHER_FLAG, android.graphics.Paint.FAKE_BOLD_TEXT_FLAG, android.graphics.Paint.FILTER_BITMAP_FLAG, android.graphics.Paint.LINEAR_TEXT_FLAG, android.graphics.Paint.STRIKE_THRU_TEXT_FLAG, android.graphics.Paint.SUBPIXEL_TEXT_FLAG, android.graphics.Paint.UNDERLINE_TEXT_FLAG}" />
      <val name="flag" val="true" />
    </annotation>
  </item>
</root>

