<?xml version="1.0" encoding="UTF-8"?>
<root>
  <item name="org.assertj.android.api.app.ActionBarAssert java.lang.String displayOptionsToString(int) 0">
    <annotation name="android.support.annotation.IntDef">
      <val name="value" val="{android.app.ActionBar.DISPLAY_HOME_AS_UP, android.app.ActionBar.DISPLAY_SHOW_CUSTOM, android.app.ActionBar.DISPLAY_SHOW_HOME, android.app.ActionBar.DISPLAY_SHOW_TITLE, android.app.ActionBar.DISPLAY_USE_LOGO}" />
      <val name="flag" val="true" />
    </annotation>
  </item>
  <item name="org.assertj.android.api.app.ActionBarAssert java.lang.String navigationModeToString(int) 0">
    <annotation name="android.support.annotation.IntDef">
      <val name="value" val="{android.app.ActionBar.NAVIGATION_MODE_LIST, android.app.ActionBar.NAVIGATION_MODE_STANDARD, android.app.ActionBar.NAVIGATION_MODE_TABS}" />
    </annotation>
  </item>
  <item name="org.assertj.android.api.app.ActionBarAssert org.assertj.android.api.app.ActionBarAssert hasDisplayOptions(int) 0">
    <annotation name="android.support.annotation.IntDef">
      <val name="value" val="{android.app.ActionBar.DISPLAY_HOME_AS_UP, android.app.ActionBar.DISPLAY_SHOW_CUSTOM, android.app.ActionBar.DISPLAY_SHOW_HOME, android.app.ActionBar.DISPLAY_SHOW_TITLE, android.app.ActionBar.DISPLAY_USE_LOGO}" />
      <val name="flag" val="true" />
    </annotation>
  </item>
  <item name="org.assertj.android.api.app.ActionBarAssert org.assertj.android.api.app.ActionBarAssert hasNavigationMode(int) 0">
    <annotation name="android.support.annotation.IntDef">
      <val name="value" val="{android.app.ActionBar.NAVIGATION_MODE_LIST, android.app.ActionBar.NAVIGATION_MODE_STANDARD, android.app.ActionBar.NAVIGATION_MODE_TABS}" />
    </annotation>
  </item>
  <item name="org.assertj.android.api.app.NotificationAssert java.lang.String flagsToString(int) 0">
    <annotation name="android.support.annotation.IntDef">
      <val name="value" val="{android.app.Notification.FLAG_AUTO_CANCEL, android.app.Notification.FLAG_FOREGROUND_SERVICE, android.app.Notification.FLAG_INSISTENT, android.app.Notification.FLAG_NO_CLEAR, android.app.Notification.FLAG_ONGOING_EVENT, android.app.Notification.FLAG_ONLY_ALERT_ONCE, android.app.Notification.FLAG_SHOW_LIGHTS, android.app.Notification.FLAG_HIGH_PRIORITY}" />
      <val name="flag" val="true" />
    </annotation>
  </item>
  <item name="org.assertj.android.api.app.NotificationAssert java.lang.String priorityToString(int) 0">
    <annotation name="android.support.annotation.IntDef">
      <val name="value" val="{android.app.Notification.PRIORITY_MIN, android.app.Notification.PRIORITY_LOW, android.app.Notification.PRIORITY_DEFAULT, android.app.Notification.PRIORITY_HIGH, android.app.Notification.PRIORITY_MAX}" />
    </annotation>
  </item>
  <item name="org.assertj.android.api.app.NotificationAssert org.assertj.android.api.app.NotificationAssert hasFlags(int) 0">
    <annotation name="android.support.annotation.IntDef">
      <val name="value" val="{android.app.Notification.FLAG_AUTO_CANCEL, android.app.Notification.FLAG_FOREGROUND_SERVICE, android.app.Notification.FLAG_INSISTENT, android.app.Notification.FLAG_NO_CLEAR, android.app.Notification.FLAG_ONGOING_EVENT, android.app.Notification.FLAG_ONLY_ALERT_ONCE, android.app.Notification.FLAG_SHOW_LIGHTS, android.app.Notification.FLAG_HIGH_PRIORITY}" />
      <val name="flag" val="true" />
    </annotation>
  </item>
  <item name="org.assertj.android.api.app.NotificationAssert org.assertj.android.api.app.NotificationAssert hasPriority(int) 0">
    <annotation name="android.support.annotation.IntDef">
      <val name="value" val="{android.app.Notification.PRIORITY_MIN, android.app.Notification.PRIORITY_LOW, android.app.Notification.PRIORITY_DEFAULT, android.app.Notification.PRIORITY_HIGH, android.app.Notification.PRIORITY_MAX}" />
    </annotation>
  </item>
  <item name="org.assertj.android.api.app.UiModeManagerAssert org.assertj.android.api.app.UiModeManagerAssert isInUiModeType(int) 0">
    <annotation name="android.support.annotation.IntDef">
      <val name="value" val="{android.content.res.Configuration.UI_MODE_TYPE_NORMAL, android.content.res.Configuration.UI_MODE_TYPE_APPLIANCE, android.content.res.Configuration.UI_MODE_TYPE_CAR, android.content.res.Configuration.UI_MODE_TYPE_DESK, android.content.res.Configuration.UI_MODE_TYPE_TELEVISION, android.content.res.Configuration.UI_MODE_TYPE_UNDEFINED, android.content.res.Configuration.UI_MODE_TYPE_WATCH}" />
    </annotation>
  </item>
  <item name="org.assertj.android.api.app.UiModeManagerAssert org.assertj.android.api.app.UiModeManagerAssert isNotInUiModeType(int) 0">
    <annotation name="android.support.annotation.IntDef">
      <val name="value" val="{android.content.res.Configuration.UI_MODE_TYPE_NORMAL, android.content.res.Configuration.UI_MODE_TYPE_APPLIANCE, android.content.res.Configuration.UI_MODE_TYPE_CAR, android.content.res.Configuration.UI_MODE_TYPE_DESK, android.content.res.Configuration.UI_MODE_TYPE_TELEVISION, android.content.res.Configuration.UI_MODE_TYPE_UNDEFINED, android.content.res.Configuration.UI_MODE_TYPE_WATCH}" />
    </annotation>
  </item>
</root>

