<?xml version="1.0" encoding="UTF-8"?>
<root>
  <item name="org.assertj.android.api.preference.RingtonePreferenceAssert java.lang.String ringtoneTypeToString(int) 0">
    <annotation name="android.support.annotation.IntDef">
      <val name="value" val="{android.media.RingtoneManager.TYPE_ALARM, android.media.RingtoneManager.TYPE_NOTIFICATION, android.media.RingtoneManager.TYPE_RINGTONE}" />
      <val name="flag" val="true" />
    </annotation>
  </item>
  <item name="org.assertj.android.api.preference.RingtonePreferenceAssert org.assertj.android.api.preference.RingtonePreferenceAssert hasRingtoneType(int) 0">
    <annotation name="android.support.annotation.IntDef">
      <val name="value" val="{android.media.RingtoneManager.TYPE_ALARM, android.media.RingtoneManager.TYPE_NOTIFICATION, android.media.RingtoneManager.TYPE_RINGTONE}" />
      <val name="flag" val="true" />
    </annotation>
  </item>
</root>

