<?xml version="1.0" encoding="UTF-8"?>
<root>
  <item name="org.assertj.android.api.hardware.SensorAssert java.lang.String typeToString(int) 0">
    <annotation name="android.support.annotation.IntDef">
      <val name="value" val="{android.hardware.Sensor.TYPE_ACCELEROMETER, android.hardware.Sensor.TYPE_ALL, android.hardware.Sensor.TYPE_AMBIENT_TEMPERATURE, android.hardware.Sensor.TYPE_GAME_ROTATION_VECTOR, android.hardware.Sensor.TYPE_GEOMAGNETIC_ROTATION_VECTOR, android.hardware.Sensor.TYPE_GRAVITY, android.hardware.Sensor.TYPE_GYROSCOPE, android.hardware.Sensor.TYPE_GYROSCOPE_UNCALIBRATED, android.hardware.Sensor.TYPE_HEART_RATE, android.hardware.Sensor.TYPE_LIGHT, android.hardware.Sensor.TYPE_LINEAR_ACCELERATION, android.hardware.Sensor.TYPE_MAGNETIC_FIELD, android.hardware.Sensor.TYPE_MAGNETIC_FIELD_UNCALIBRATED, android.hardware.Sensor.TYPE_ORIENTATION, android.hardware.Sensor.TYPE_PRESSURE, android.hardware.Sensor.TYPE_PROXIMITY, android.hardware.Sensor.TYPE_RELATIVE_HUMIDITY, android.hardware.Sensor.TYPE_ROTATION_VECTOR, android.hardware.Sensor.TYPE_SIGNIFICANT_MOTION, android.hardware.Sensor.TYPE_STEP_COUNTER, android.hardware.Sensor.TYPE_STEP_DETECTOR, android.hardware.Sensor.TYPE_TEMPERATURE}" />
    </annotation>
  </item>
  <item name="org.assertj.android.api.hardware.SensorAssert org.assertj.android.api.hardware.SensorAssert hasType(int) 0">
    <annotation name="android.support.annotation.IntDef">
      <val name="value" val="{android.hardware.Sensor.TYPE_ACCELEROMETER, android.hardware.Sensor.TYPE_ALL, android.hardware.Sensor.TYPE_AMBIENT_TEMPERATURE, android.hardware.Sensor.TYPE_GAME_ROTATION_VECTOR, android.hardware.Sensor.TYPE_GEOMAGNETIC_ROTATION_VECTOR, android.hardware.Sensor.TYPE_GRAVITY, android.hardware.Sensor.TYPE_GYROSCOPE, android.hardware.Sensor.TYPE_GYROSCOPE_UNCALIBRATED, android.hardware.Sensor.TYPE_HEART_RATE, android.hardware.Sensor.TYPE_LIGHT, android.hardware.Sensor.TYPE_LINEAR_ACCELERATION, android.hardware.Sensor.TYPE_MAGNETIC_FIELD, android.hardware.Sensor.TYPE_MAGNETIC_FIELD_UNCALIBRATED, android.hardware.Sensor.TYPE_ORIENTATION, android.hardware.Sensor.TYPE_PRESSURE, android.hardware.Sensor.TYPE_PROXIMITY, android.hardware.Sensor.TYPE_RELATIVE_HUMIDITY, android.hardware.Sensor.TYPE_ROTATION_VECTOR, android.hardware.Sensor.TYPE_SIGNIFICANT_MOTION, android.hardware.Sensor.TYPE_STEP_COUNTER, android.hardware.Sensor.TYPE_STEP_DETECTOR, android.hardware.Sensor.TYPE_TEMPERATURE}" />
    </annotation>
  </item>
</root>

