<?xml version="1.0" encoding="UTF-8"?>
<root>
  <item name="org.assertj.android.api.telephony.NeighboringCellInfoAssert org.assertj.android.api.telephony.NeighboringCellInfoAssert hasNetworkType(int) 0">
    <annotation name="android.support.annotation.IntDef">
      <val name="value" val="{android.telephony.TelephonyManager.NETWORK_TYPE_1xRTT, android.telephony.TelephonyManager.NETWORK_TYPE_CDMA, android.telephony.TelephonyManager.NETWORK_TYPE_EDGE, android.telephony.TelephonyManager.NETWORK_TYPE_EHRPD, android.telephony.TelephonyManager.NETWORK_TYPE_EVDO_0, android.telephony.TelephonyManager.NETWORK_TYPE_EVDO_A, android.telephony.TelephonyManager.NETWORK_TYPE_EVDO_B, android.telephony.TelephonyManager.NETWORK_TYPE_GPRS, android.telephony.TelephonyManager.NETWORK_TYPE_HSDPA, android.telephony.TelephonyManager.NETWORK_TYPE_HSPA, android.telephony.TelephonyManager.NETWORK_TYPE_HSPAP, android.telephony.TelephonyManager.NETWORK_TYPE_HSUPA, android.telephony.TelephonyManager.NETWORK_TYPE_IDEN, android.telephony.TelephonyManager.NETWORK_TYPE_LTE, android.telephony.TelephonyManager.NETWORK_TYPE_UMTS, android.telephony.TelephonyManager.NETWORK_TYPE_UNKNOWN}" />
    </annotation>
  </item>
  <item name="org.assertj.android.api.telephony.ServiceStateAssert java.lang.String serviceStateToString(int) 0">
    <annotation name="android.support.annotation.IntDef">
      <val name="value" val="{android.telephony.ServiceState.STATE_EMERGENCY_ONLY, android.telephony.ServiceState.STATE_IN_SERVICE, android.telephony.ServiceState.STATE_OUT_OF_SERVICE, android.telephony.ServiceState.STATE_POWER_OFF}" />
    </annotation>
  </item>
  <item name="org.assertj.android.api.telephony.ServiceStateAssert org.assertj.android.api.telephony.ServiceStateAssert hasState(int) 0">
    <annotation name="android.support.annotation.IntDef">
      <val name="value" val="{android.telephony.ServiceState.STATE_EMERGENCY_ONLY, android.telephony.ServiceState.STATE_IN_SERVICE, android.telephony.ServiceState.STATE_OUT_OF_SERVICE, android.telephony.ServiceState.STATE_POWER_OFF}" />
    </annotation>
  </item>
  <item name="org.assertj.android.api.telephony.TelephonyManagerAssert java.lang.String callStateToString(int) 0">
    <annotation name="android.support.annotation.IntDef">
      <val name="value" val="{android.telephony.TelephonyManager.CALL_STATE_IDLE, android.telephony.TelephonyManager.CALL_STATE_OFFHOOK, android.telephony.TelephonyManager.CALL_STATE_RINGING}" />
    </annotation>
  </item>
  <item name="org.assertj.android.api.telephony.TelephonyManagerAssert java.lang.String dataActivityToString(int) 0">
    <annotation name="android.support.annotation.IntDef">
      <val name="value" val="{android.telephony.TelephonyManager.DATA_ACTIVITY_DORMANT, android.telephony.TelephonyManager.DATA_ACTIVITY_IN, android.telephony.TelephonyManager.DATA_ACTIVITY_INOUT, android.telephony.TelephonyManager.DATA_ACTIVITY_NONE, android.telephony.TelephonyManager.DATA_ACTIVITY_OUT}" />
    </annotation>
  </item>
  <item name="org.assertj.android.api.telephony.TelephonyManagerAssert java.lang.String dataStateToString(int) 0">
    <annotation name="android.support.annotation.IntDef">
      <val name="value" val="{android.telephony.TelephonyManager.DATA_CONNECTED, android.telephony.TelephonyManager.DATA_CONNECTING, android.telephony.TelephonyManager.DATA_DISCONNECTED, android.telephony.TelephonyManager.DATA_SUSPENDED}" />
    </annotation>
  </item>
  <item name="org.assertj.android.api.telephony.TelephonyManagerAssert java.lang.String networkTypeToString(int) 0">
    <annotation name="android.support.annotation.IntDef">
      <val name="value" val="{android.telephony.TelephonyManager.NETWORK_TYPE_1xRTT, android.telephony.TelephonyManager.NETWORK_TYPE_CDMA, android.telephony.TelephonyManager.NETWORK_TYPE_EDGE, android.telephony.TelephonyManager.NETWORK_TYPE_EHRPD, android.telephony.TelephonyManager.NETWORK_TYPE_EVDO_0, android.telephony.TelephonyManager.NETWORK_TYPE_EVDO_A, android.telephony.TelephonyManager.NETWORK_TYPE_EVDO_B, android.telephony.TelephonyManager.NETWORK_TYPE_GPRS, android.telephony.TelephonyManager.NETWORK_TYPE_HSDPA, android.telephony.TelephonyManager.NETWORK_TYPE_HSPA, android.telephony.TelephonyManager.NETWORK_TYPE_HSPAP, android.telephony.TelephonyManager.NETWORK_TYPE_HSUPA, android.telephony.TelephonyManager.NETWORK_TYPE_IDEN, android.telephony.TelephonyManager.NETWORK_TYPE_LTE, android.telephony.TelephonyManager.NETWORK_TYPE_UMTS, android.telephony.TelephonyManager.NETWORK_TYPE_UNKNOWN}" />
    </annotation>
  </item>
  <item name="org.assertj.android.api.telephony.TelephonyManagerAssert java.lang.String phoneTypeToString(int) 0">
    <annotation name="android.support.annotation.IntDef">
      <val name="value" val="{android.telephony.TelephonyManager.PHONE_TYPE_CDMA, android.telephony.TelephonyManager.PHONE_TYPE_GSM, android.telephony.TelephonyManager.PHONE_TYPE_NONE, android.telephony.TelephonyManager.PHONE_TYPE_SIP}" />
    </annotation>
  </item>
  <item name="org.assertj.android.api.telephony.TelephonyManagerAssert java.lang.String simStateToString(int) 0">
    <annotation name="android.support.annotation.IntDef">
      <val name="value" val="{android.telephony.TelephonyManager.SIM_STATE_ABSENT, android.telephony.TelephonyManager.SIM_STATE_NETWORK_LOCKED, android.telephony.TelephonyManager.SIM_STATE_PIN_REQUIRED, android.telephony.TelephonyManager.SIM_STATE_PUK_REQUIRED, android.telephony.TelephonyManager.SIM_STATE_READY, android.telephony.TelephonyManager.SIM_STATE_UNKNOWN}" />
    </annotation>
  </item>
  <item name="org.assertj.android.api.telephony.TelephonyManagerAssert org.assertj.android.api.telephony.TelephonyManagerAssert hasCallState(int) 0">
    <annotation name="android.support.annotation.IntDef">
      <val name="value" val="{android.telephony.TelephonyManager.CALL_STATE_IDLE, android.telephony.TelephonyManager.CALL_STATE_OFFHOOK, android.telephony.TelephonyManager.CALL_STATE_RINGING}" />
    </annotation>
  </item>
  <item name="org.assertj.android.api.telephony.TelephonyManagerAssert org.assertj.android.api.telephony.TelephonyManagerAssert hasDataActivity(int) 0">
    <annotation name="android.support.annotation.IntDef">
      <val name="value" val="{android.telephony.TelephonyManager.DATA_ACTIVITY_DORMANT, android.telephony.TelephonyManager.DATA_ACTIVITY_IN, android.telephony.TelephonyManager.DATA_ACTIVITY_INOUT, android.telephony.TelephonyManager.DATA_ACTIVITY_NONE, android.telephony.TelephonyManager.DATA_ACTIVITY_OUT}" />
    </annotation>
  </item>
  <item name="org.assertj.android.api.telephony.TelephonyManagerAssert org.assertj.android.api.telephony.TelephonyManagerAssert hasDataState(int) 0">
    <annotation name="android.support.annotation.IntDef">
      <val name="value" val="{android.telephony.TelephonyManager.DATA_CONNECTED, android.telephony.TelephonyManager.DATA_CONNECTING, android.telephony.TelephonyManager.DATA_DISCONNECTED, android.telephony.TelephonyManager.DATA_SUSPENDED}" />
    </annotation>
  </item>
  <item name="org.assertj.android.api.telephony.TelephonyManagerAssert org.assertj.android.api.telephony.TelephonyManagerAssert hasNetworkType(int) 0">
    <annotation name="android.support.annotation.IntDef">
      <val name="value" val="{android.telephony.TelephonyManager.NETWORK_TYPE_1xRTT, android.telephony.TelephonyManager.NETWORK_TYPE_CDMA, android.telephony.TelephonyManager.NETWORK_TYPE_EDGE, android.telephony.TelephonyManager.NETWORK_TYPE_EHRPD, android.telephony.TelephonyManager.NETWORK_TYPE_EVDO_0, android.telephony.TelephonyManager.NETWORK_TYPE_EVDO_A, android.telephony.TelephonyManager.NETWORK_TYPE_EVDO_B, android.telephony.TelephonyManager.NETWORK_TYPE_GPRS, android.telephony.TelephonyManager.NETWORK_TYPE_HSDPA, android.telephony.TelephonyManager.NETWORK_TYPE_HSPA, android.telephony.TelephonyManager.NETWORK_TYPE_HSPAP, android.telephony.TelephonyManager.NETWORK_TYPE_HSUPA, android.telephony.TelephonyManager.NETWORK_TYPE_IDEN, android.telephony.TelephonyManager.NETWORK_TYPE_LTE, android.telephony.TelephonyManager.NETWORK_TYPE_UMTS, android.telephony.TelephonyManager.NETWORK_TYPE_UNKNOWN}" />
    </annotation>
  </item>
  <item name="org.assertj.android.api.telephony.TelephonyManagerAssert org.assertj.android.api.telephony.TelephonyManagerAssert hasPhoneType(int) 0">
    <annotation name="android.support.annotation.IntDef">
      <val name="value" val="{android.telephony.TelephonyManager.PHONE_TYPE_CDMA, android.telephony.TelephonyManager.PHONE_TYPE_GSM, android.telephony.TelephonyManager.PHONE_TYPE_NONE, android.telephony.TelephonyManager.PHONE_TYPE_SIP}" />
    </annotation>
  </item>
  <item name="org.assertj.android.api.telephony.TelephonyManagerAssert org.assertj.android.api.telephony.TelephonyManagerAssert hasSimState(int) 0">
    <annotation name="android.support.annotation.IntDef">
      <val name="value" val="{android.telephony.TelephonyManager.SIM_STATE_ABSENT, android.telephony.TelephonyManager.SIM_STATE_NETWORK_LOCKED, android.telephony.TelephonyManager.SIM_STATE_PIN_REQUIRED, android.telephony.TelephonyManager.SIM_STATE_PUK_REQUIRED, android.telephony.TelephonyManager.SIM_STATE_READY, android.telephony.TelephonyManager.SIM_STATE_UNKNOWN}" />
    </annotation>
  </item>
</root>

