<?xml version="1.0" encoding="UTF-8"?>
<root>
  <item name="org.assertj.android.api.accessibilityservice.AccessibilityServiceInfoAssert java.lang.String capabilitiesToString(int) 0">
    <annotation name="android.support.annotation.IntDef">
      <val name="value" val="{android.accessibilityservice.AccessibilityServiceInfo.CAPABILITY_CAN_REQUEST_ENHANCED_WEB_ACCESSIBILITY, android.accessibilityservice.AccessibilityServiceInfo.CAPABILITY_CAN_REQUEST_FILTER_KEY_EVENTS, android.accessibilityservice.AccessibilityServiceInfo.CAPABILITY_CAN_REQUEST_TOUCH_EXPLORATION, android.accessibilityservice.AccessibilityServiceInfo.CAPABILITY_CAN_RETRIEVE_WINDOW_CONTENT}" />
      <val name="flag" val="true" />
    </annotation>
  </item>
  <item name="org.assertj.android.api.accessibilityservice.AccessibilityServiceInfoAssert org.assertj.android.api.accessibilityservice.AccessibilityServiceInfoAssert hasCapabilities(int) 0">
    <annotation name="android.support.annotation.IntDef">
      <val name="value" val="{android.accessibilityservice.AccessibilityServiceInfo.CAPABILITY_CAN_REQUEST_ENHANCED_WEB_ACCESSIBILITY, android.accessibilityservice.AccessibilityServiceInfo.CAPABILITY_CAN_REQUEST_FILTER_KEY_EVENTS, android.accessibilityservice.AccessibilityServiceInfo.CAPABILITY_CAN_REQUEST_TOUCH_EXPLORATION, android.accessibilityservice.AccessibilityServiceInfo.CAPABILITY_CAN_RETRIEVE_WINDOW_CONTENT}" />
      <val name="flag" val="true" />
    </annotation>
  </item>
</root>

