<?xml version="1.0" encoding="UTF-8"?>
<root>
  <item name="org.assertj.android.api.content.res.ConfigurationAssert java.lang.String uiModeTypeToString(int) 0">
    <annotation name="android.support.annotation.IntDef">
      <val name="value" val="{android.content.res.Configuration.UI_MODE_TYPE_NORMAL, android.content.res.Configuration.UI_MODE_TYPE_APPLIANCE, android.content.res.Configuration.UI_MODE_TYPE_CAR, android.content.res.Configuration.UI_MODE_TYPE_DESK, android.content.res.Configuration.UI_MODE_TYPE_TELEVISION, android.content.res.Configuration.UI_MODE_TYPE_UNDEFINED, android.content.res.Configuration.UI_MODE_TYPE_WATCH}" />
    </annotation>
  </item>
  <item name="org.assertj.android.api.content.res.ConfigurationAssert org.assertj.android.api.content.res.ConfigurationAssert hasLayoutDirection(int) 0">
    <annotation name="android.support.annotation.IntDef">
      <val name="value" val="{android.view.View.LAYOUT_DIRECTION_RTL, android.view.View.LAYOUT_DIRECTION_LTR, android.view.View.LAYOUT_DIRECTION_INHERIT, android.view.View.LAYOUT_DIRECTION_LOCALE}" />
    </annotation>
  </item>
</root>

